{"metadata":{"asset_id":"41469e46-0de6-454d-ac45-ca9b01081b48","asset_attributes":["wml_pipeline"],"name":"Fertilizer_Recommend","asset_type":"wml_pipeline","created_at":"2021-08-04T13:20:24Z","description":"","origin_country":"us","owner_id":"IBMid-6640025H0K","project_id":"d3acf35f-dbf4-4e03-a30c-bda85d1b82ef","sandbox_id":"d3acf35f-dbf4-4e03-a30c-bda85d1b82ef","size":0,"tags":["dsx-project.d3acf35f-dbf4-4e03-a30c-bda85d1b82ef"],"usage":{"last_update_time":1628083224000,"last_updated_at":"2021-08-04T13:20:24Z"}},"entity":{"wml_pipeline":{"document":{"doc_type":"pipeline","pipelines":[{"id":"autoai","nodes":[{"id":"automl","op":"kube","parameters":{"output_logs":true,"input_file_separator":",","stage_flag":true,"optimization":{"compute_pipeline_notebooks_flag":true,"daub_adaptive_subsampling_max_mem_usage":15000000000,"holdout_param":0.1,"label":"Fertilizer","learning_type":"classification","max_num_daub_ensembles":2,"run_cognito_flag":true,"scorer_for_ranking":"accuracy"},"n_parallel_data_connections":15,"one_vs_all_file":true},"runtime_ref":"autoai","type":"execution_node"}],"runtime_ref":"hybrid"}],"primary_pipeline":"autoai","runtimes":[{"app_data":{"wml_data":{"hardware_spec":{"base_id":"a6c4923b-b8e4-444c-9f43-8a7ec3020110","name":"L"}}},"id":"autoai","name":"auto_ai.kb"}],"version":"2.0"},"ml_version":"4.0.0"}}}
