{"metadata":{"asset_id":"b47d8dc6-0a9b-4e0e-926a-f92f72dd3cc4","asset_attributes":["wml_model"],"name":"Fertilizer_Recommend - P1 Decision Tree Classifier","asset_type":"wml_model","created_at":"2021-08-04T13:23:50Z","description":"","origin_country":"us","owner_id":"IBMid-6640025H0K","project_id":"d3acf35f-dbf4-4e03-a30c-bda85d1b82ef","sandbox_id":"d3acf35f-dbf4-4e03-a30c-bda85d1b82ef","size":4574,"tags":[],"usage":{"last_update_time":1628083435083,"last_updated_at":"2021-08-04T13:23:55Z"}},"entity":{"wml_model":{"hybrid_pipeline_software_specs":[{"base_id":"da9b39c3-758c-5a4f-9cfd-457dd4d8c395","name":"autoai-kb_3.4-py3.8"}],"label_column":"Fertilizer","pipeline":{"id":"41469e46-0de6-454d-ac45-ca9b01081b48"},"ml_version":"4.0.9","type":"wml-hybrid_0.1","schemas":{"input":[{"fields":[{"name":"Temparature","type":"integer"},{"name":"Humidity","type":"integer"},{"name":"Moisture","type":"integer"},{"name":"Soil","type":"other"},{"name":"Crop","type":"other"},{"name":"Nitrogen","type":"integer"},{"name":"Potassium","type":"integer"},{"name":"Phosphorous","type":"integer"}],"id":"auto_ai_kb_input_schema"}],"output":[]},"content_location":{"connection":{"access_key_id":"5afcc2a5c45d4812ace662d73d6ee0b9","endpoint_url":"https://s3.eu.cloud-object-storage.appdomain.cloud","secret_access_key":"37aaba849d16baaf51c2ac8338153b1c3cdda8d7803c04d6","accessKeyId":"5afcc2a5c45d4812ace662d73d6ee0b9"},"contents":[{"content_format":"pipeline-node","file_name":"P1_automl.zip","location":"auto_ml/286e116f-5143-4f35-875b-18bb6fc31e1d/wml_data/095ca7bb-aa0b-4c72-b7af-4e2ef487b4d5/assets/095ca7bb-aa0b-4c72-b7af-4e2ef487b4d5_P1_pre_hpo_d_output/resources/wml_model/P1_automl.zip","pipeline_node_id":"automl"},{"content_format":"native","file_name":"pipeline_model.json","location":"auto_ml/286e116f-5143-4f35-875b-18bb6fc31e1d/wml_data/095ca7bb-aa0b-4c72-b7af-4e2ef487b4d5/assets/095ca7bb-aa0b-4c72-b7af-4e2ef487b4d5_P1_pre_hpo_d_output/resources/wml_model/pipeline_model.json"}],"location":{"path":"auto_ml/286e116f-5143-4f35-875b-18bb6fc31e1d/wml_data/","notebooks_path":"auto_ml/286e116f-5143-4f35-875b-18bb6fc31e1d/wml_data/095ca7bb-aa0b-4c72-b7af-4e2ef487b4d5/notebooks","training":"auto_ml/286e116f-5143-4f35-875b-18bb6fc31e1d/wml_data/095ca7bb-aa0b-4c72-b7af-4e2ef487b4d5","training_status":"auto_ml/286e116f-5143-4f35-875b-18bb6fc31e1d/wml_data/095ca7bb-aa0b-4c72-b7af-4e2ef487b4d5/training-status.json","bucket":"fertilizerrecommend-donotdelete-pr-zjhmwaqlgnu9rr","type":"s3","assets_path":"auto_ml/286e116f-5143-4f35-875b-18bb6fc31e1d/wml_data/095ca7bb-aa0b-4c72-b7af-4e2ef487b4d5/assets"},"type":"s3"},"training_data_references":[{"connection":{"endpoint_url":"https://s3.eu.cloud-object-storage.appdomain.cloud","auth_endpoint":"https://iam.bluemix.net/oidc/token/","api_key":"_duFdZJICQdENabQgblliRP7hfKzwkuPcUGuFZt9cGOz","secret_access_key":"37aaba849d16baaf51c2ac8338153b1c3cdda8d7803c04d6","access_key_id":"5afcc2a5c45d4812ace662d73d6ee0b9","service_instance_id":"iam-ServiceId-9e642969-d722-4e49-b652-c0ff447135bf"},"location":{"bucket":"fertilizerrecommend-donotdelete-pr-zjhmwaqlgnu9rr","path":"Fertilizer_Prediction_New.csv","type":"s3"},"schema":{"fields":[{"name":"Temparature","type":"integer"},{"name":"Humidity","type":"integer"},{"name":"Moisture","type":"integer"},{"name":"Soil","type":"other"},{"name":"Crop","type":"other"},{"name":"Nitrogen","type":"integer"},{"name":"Potassium","type":"integer"},{"name":"Phosphorous","type":"integer"},{"name":"Fertilizer","type":"other"}],"id":"auto_ai_kb_input_schema"},"type":"s3"}],"software_spec":{"base_id":"8c1a58c6-62b5-4dc4-987a-df751c2756b6","name":"hybrid_0.1"},"content_import_state":"completed"}},"attachments":[{"id":"c126a396-ebc9-4522-89a7-13d297e84a4e","version":2,"asset_type":"wml_model","name":"P1_automl.zip","datasource_type":"193a97c1-4475-4a19-b90c-295c4fdc6517","creator_id":"IBMid-6640025H0K","create_time":1628083431417,"size":3018,"is_remote":false,"is_managed":true,"is_referenced":false,"is_object_key_read_only":false,"is_user_provided_path_key":false,"transfer_complete":true,"is_partitioned":false,"complete_time_ticks":1628083432828,"user_data":{"content_format":"pipeline-node","pipeline_node_id":"automl"},"test_doc":0,"handle":{"bucket":"fertilizerrecommend-donotdelete-pr-zjhmwaqlgnu9rr","location":"eu-geo","type":"bluemix_cos","key":"12cc6a3d-dda8-4fdf-8af8-6a7b0dae5e15/b47d8dc6-0a9b-4e0e-926a-f92f72dd3cc4/c126a396-ebc9-4522-89a7-13d297e84a4e","upload_id":"done","max_part_num":1},"usage":{"access_count":0,"last_accessor_id":"IBMid-6640025H0K","last_access_time":1628083431417}},{"id":"c4dcc68f-a6dc-4474-badd-4a947093c09f","version":2,"asset_type":"wml_model","name":"pipeline_model.json","datasource_type":"193a97c1-4475-4a19-b90c-295c4fdc6517","creator_id":"IBMid-6640025H0K","create_time":1628083433787,"size":1556,"is_remote":false,"is_managed":true,"is_referenced":false,"is_object_key_read_only":false,"is_user_provided_path_key":false,"transfer_complete":true,"is_partitioned":false,"complete_time_ticks":1628083434908,"user_data":{"content_format":"native"},"test_doc":0,"handle":{"bucket":"fertilizerrecommend-donotdelete-pr-zjhmwaqlgnu9rr","location":"eu-geo","type":"bluemix_cos","key":"12cc6a3d-dda8-4fdf-8af8-6a7b0dae5e15/b47d8dc6-0a9b-4e0e-926a-f92f72dd3cc4/c4dcc68f-a6dc-4474-badd-4a947093c09f","upload_id":"done","max_part_num":1},"usage":{"access_count":0,"last_accessor_id":"IBMid-6640025H0K","last_access_time":1628083433787}}]}
