{"metadata":{"asset_id":"42d70667-7f9f-4adf-9cb3-26dead546261","asset_attributes":["wml_model"],"name":"Predict_Yield - P4 Extra Trees Regressor","asset_type":"wml_model","created_at":"2021-08-04T13:52:05Z","description":"","origin_country":"us","owner_id":"IBMid-6640025H0K","project_id":"d7a3e6cc-4624-4bf9-b70c-bb122c2ddf2b","sandbox_id":"d7a3e6cc-4624-4bf9-b70c-bb122c2ddf2b","size":27220,"tags":[],"usage":{"last_update_time":1628085130741,"last_updated_at":"2021-08-04T13:52:10Z"}},"entity":{"wml_model":{"hybrid_pipeline_software_specs":[{"base_id":"da9b39c3-758c-5a4f-9cfd-457dd4d8c395","name":"autoai-kb_3.4-py3.8"}],"label_column":"Yield","pipeline":{"id":"5f753d6b-76df-4471-938f-43e771466d03"},"ml_version":"4.0.9","type":"wml-hybrid_0.1","schemas":{"input":[{"fields":[{"name":"Crop","type":"other"},{"name":"State","type":"other"},{"name":"CostofCultivationA2FL","type":"double"},{"name":"CostofCultivationC2","type":"double"},{"name":"CostofProduction","type":"double"},{"name":"MSP","type":"integer"}],"id":"auto_ai_kb_input_schema"}],"output":[]},"content_location":{"connection":{"access_key_id":"9bf358fc1d244c4abdf12e2d2ae1cce1","endpoint_url":"https://s3.eu.cloud-object-storage.appdomain.cloud","secret_access_key":"7cba51ca54e4b651475548d5a8f3ba40f0b1f62799ca278b","accessKeyId":"9bf358fc1d244c4abdf12e2d2ae1cce1"},"contents":[{"content_format":"pipeline-node","file_name":"P4_automl.zip","location":"auto_ml/3e1d89ab-0f35-46a7-b49f-4b36c06a88ab/wml_data/a14ea56f-2a9e-4d88-ba03-6b827c82f327/assets/a14ea56f-2a9e-4d88-ba03-6b827c82f327_P4_hpo_c_output/resources/wml_model/P4_automl.zip","pipeline_node_id":"automl"},{"content_format":"native","file_name":"pipeline_model.json","location":"auto_ml/3e1d89ab-0f35-46a7-b49f-4b36c06a88ab/wml_data/a14ea56f-2a9e-4d88-ba03-6b827c82f327/assets/a14ea56f-2a9e-4d88-ba03-6b827c82f327_P4_hpo_c_output/resources/wml_model/pipeline_model.json"}],"location":{"path":"auto_ml/3e1d89ab-0f35-46a7-b49f-4b36c06a88ab/wml_data/","notebooks_path":"auto_ml/3e1d89ab-0f35-46a7-b49f-4b36c06a88ab/wml_data/a14ea56f-2a9e-4d88-ba03-6b827c82f327/notebooks","training":"auto_ml/3e1d89ab-0f35-46a7-b49f-4b36c06a88ab/wml_data/a14ea56f-2a9e-4d88-ba03-6b827c82f327","training_status":"auto_ml/3e1d89ab-0f35-46a7-b49f-4b36c06a88ab/wml_data/a14ea56f-2a9e-4d88-ba03-6b827c82f327/training-status.json","bucket":"predictyield-donotdelete-pr-rswuypgrhh8nyf","type":"s3","assets_path":"auto_ml/3e1d89ab-0f35-46a7-b49f-4b36c06a88ab/wml_data/a14ea56f-2a9e-4d88-ba03-6b827c82f327/assets"},"type":"s3"},"training_data_references":[{"connection":{"endpoint_url":"https://s3.eu.cloud-object-storage.appdomain.cloud","auth_endpoint":"https://iam.bluemix.net/oidc/token/","api_key":"eNcL8fBxMaJk5pvaugkYLVbBiEjxaQR03s9NVk3cDfbI","secret_access_key":"7cba51ca54e4b651475548d5a8f3ba40f0b1f62799ca278b","access_key_id":"9bf358fc1d244c4abdf12e2d2ae1cce1","service_instance_id":"iam-ServiceId-961fcef8-3062-4564-af22-9ae597288bf6"},"location":{"bucket":"predictyield-donotdelete-pr-rswuypgrhh8nyf","path":"Yield_Predict_New.csv","type":"s3"},"schema":{"fields":[{"name":"Crop","type":"other"},{"name":"State","type":"other"},{"name":"CostofCultivationA2FL","type":"double"},{"name":"CostofCultivationC2","type":"double"},{"name":"CostofProduction","type":"double"},{"name":"MSP","type":"integer"},{"name":"Yield","type":"double"}],"id":"auto_ai_kb_input_schema"},"type":"s3"}],"software_spec":{"base_id":"8c1a58c6-62b5-4dc4-987a-df751c2756b6","name":"hybrid_0.1"},"content_import_state":"completed"}},"attachments":[{"id":"12a776ad-2834-4a46-b22a-5136866d4e14","version":2,"asset_type":"wml_model","name":"P4_automl.zip","datasource_type":"193a97c1-4475-4a19-b90c-295c4fdc6517","creator_id":"IBMid-6640025H0K","create_time":1628085127099,"size":25658,"is_remote":false,"is_managed":true,"is_referenced":false,"is_object_key_read_only":false,"is_user_provided_path_key":false,"transfer_complete":true,"is_partitioned":false,"complete_time_ticks":1628085128467,"user_data":{"content_format":"pipeline-node","pipeline_node_id":"automl"},"test_doc":0,"handle":{"bucket":"predictyield-donotdelete-pr-rswuypgrhh8nyf","location":"eu-geo","type":"bluemix_cos","key":"f685672c-c3e2-4dab-b2b6-0d270a2e97ad/42d70667-7f9f-4adf-9cb3-26dead546261/12a776ad-2834-4a46-b22a-5136866d4e14","upload_id":"done","max_part_num":1},"usage":{"access_count":0,"last_accessor_id":"IBMid-6640025H0K","last_access_time":1628085127099}},{"id":"2ae77964-6849-4f1b-bcf0-93d40ae3d41b","version":2,"asset_type":"wml_model","name":"pipeline_model.json","datasource_type":"193a97c1-4475-4a19-b90c-295c4fdc6517","creator_id":"IBMid-6640025H0K","create_time":1628085129506,"size":1562,"is_remote":false,"is_managed":true,"is_referenced":false,"is_object_key_read_only":false,"is_user_provided_path_key":false,"transfer_complete":true,"is_partitioned":false,"complete_time_ticks":1628085130537,"user_data":{"content_format":"native"},"test_doc":0,"handle":{"bucket":"predictyield-donotdelete-pr-rswuypgrhh8nyf","location":"eu-geo","type":"bluemix_cos","key":"f685672c-c3e2-4dab-b2b6-0d270a2e97ad/42d70667-7f9f-4adf-9cb3-26dead546261/2ae77964-6849-4f1b-bcf0-93d40ae3d41b","upload_id":"done","max_part_num":1},"usage":{"access_count":0,"last_accessor_id":"IBMid-6640025H0K","last_access_time":1628085129506}}]}
