{"metadata":{"asset_id":"5f753d6b-76df-4471-938f-43e771466d03","asset_attributes":["wml_pipeline"],"name":"Predict_Yield","asset_type":"wml_pipeline","created_at":"2021-08-04T13:49:07Z","description":"","origin_country":"us","owner_id":"IBMid-6640025H0K","project_id":"d7a3e6cc-4624-4bf9-b70c-bb122c2ddf2b","sandbox_id":"d7a3e6cc-4624-4bf9-b70c-bb122c2ddf2b","size":0,"tags":["dsx-project.d7a3e6cc-4624-4bf9-b70c-bb122c2ddf2b"],"usage":{"last_update_time":1628084947180,"last_updated_at":"2021-08-04T13:49:07Z"}},"entity":{"wml_pipeline":{"document":{"doc_type":"pipeline","pipelines":[{"id":"autoai","nodes":[{"id":"automl","op":"kube","parameters":{"output_logs":true,"input_file_separator":",","stage_flag":true,"optimization":{"compute_pipeline_notebooks_flag":true,"daub_adaptive_subsampling_max_mem_usage":15000000000,"holdout_param":0.1,"label":"Yield","learning_type":"regression","max_num_daub_ensembles":2,"run_cognito_flag":true,"scorer_for_ranking":"neg_root_mean_squared_error"},"n_parallel_data_connections":15,"one_vs_all_file":true},"runtime_ref":"autoai","type":"execution_node"}],"runtime_ref":"hybrid"}],"primary_pipeline":"autoai","runtimes":[{"app_data":{"wml_data":{"hardware_spec":{"base_id":"a6c4923b-b8e4-444c-9f43-8a7ec3020110","name":"L"}}},"id":"autoai","name":"auto_ai.kb"}],"version":"2.0"},"ml_version":"4.0.0"}}}
