{"metadata":{"asset_id":"77c852d0-514a-4008-bca5-3bd215fbecf7","asset_attributes":["wml_pipeline"],"name":"agri_trial","asset_type":"wml_pipeline","created_at":"2021-07-13T16:13:21Z","description":"","origin_country":"us","owner_id":"IBMid-6610025KGR","project_id":"750ba9a6-05f4-4dc3-9a82-681003568799","sandbox_id":"750ba9a6-05f4-4dc3-9a82-681003568799","size":0,"tags":["dsx-project.750ba9a6-05f4-4dc3-9a82-681003568799"],"usage":{"last_update_time":1626192801680,"last_updated_at":"2021-07-13T16:13:21Z"}},"entity":{"wml_pipeline":{"document":{"doc_type":"pipeline","pipelines":[{"id":"autoai","nodes":[{"id":"automl","op":"kube","parameters":{"output_logs":true,"input_file_separator":",","stage_flag":true,"optimization":{"compute_pipeline_notebooks_flag":true,"daub_adaptive_subsampling_max_mem_usage":15000000000,"holdout_param":0.15,"label":"Crop","learning_type":"classification","max_num_daub_ensembles":2,"run_cognito_flag":true,"scorer_for_ranking":"accuracy"},"n_parallel_data_connections":15,"one_vs_all_file":true},"runtime_ref":"autoai","type":"execution_node"}],"runtime_ref":"hybrid"}],"primary_pipeline":"autoai","runtimes":[{"app_data":{"wml_data":{"hardware_spec":{"base_id":"a6c4923b-b8e4-444c-9f43-8a7ec3020110","name":"L"}}},"id":"autoai","name":"auto_ai.kb"}],"version":"2.0"},"ml_version":"4.0.0"}}}
