{"metadata":{"asset_id":"15991035-83cc-401f-92ee-53a07b9cf1ec","asset_attributes":["wml_model"],"name":"agri_trial - P8 Extra Trees Classifier","asset_type":"wml_model","created_at":"2021-07-13T16:41:43Z","description":"only crop recommendation","origin_country":"us","owner_id":"IBMid-6610025KGR","project_id":"750ba9a6-05f4-4dc3-9a82-681003568799","sandbox_id":"750ba9a6-05f4-4dc3-9a82-681003568799","size":187593,"tags":[],"usage":{"last_update_time":1626194507562,"last_updated_at":"2021-07-13T16:41:47Z"}},"entity":{"wml_model":{"hybrid_pipeline_software_specs":[{"base_id":"a545cca3-02df-5c61-9e88-998b09dc79af","name":"autoai-kb_3.3-py3.7"}],"label_column":"Crop","pipeline":{"id":"77c852d0-514a-4008-bca5-3bd215fbecf7"},"ml_version":"4.0.9","type":"wml-hybrid_0.1","schemas":{"input":[{"fields":[{"name":"N","type":"integer"},{"name":"P","type":"integer"},{"name":"K","type":"integer"},{"name":"temperature","type":"double"},{"name":"humidity","type":"double"},{"name":"ph","type":"double"},{"name":"rainfall","type":"double"}],"id":"auto_ai_kb_input_schema"}],"output":[]},"content_location":{"connection":{"access_key_id":"99710a9b7cd44b8398b5539d3f84162c","endpoint_url":"https://s3.eu.cloud-object-storage.appdomain.cloud","secret_access_key":"1e84c13e94e955815ac48a1ad7f068032cb4fe26bd2e0aea","accessKeyId":"99710a9b7cd44b8398b5539d3f84162c"},"contents":[{"content_format":"pipeline-node","file_name":"P8_automl.zip","location":"auto_ml/04ef2db8-b78f-4ea3-8da4-5d24f30a19c6/wml_data/601df715-ec76-4532-a388-49ce37b9613b/assets/601df715-ec76-4532-a388-49ce37b9613b_P8_hpo_c_output/resources/wml_model/P8_automl.zip","pipeline_node_id":"automl"},{"content_format":"native","file_name":"pipeline_model.json","location":"auto_ml/04ef2db8-b78f-4ea3-8da4-5d24f30a19c6/wml_data/601df715-ec76-4532-a388-49ce37b9613b/assets/601df715-ec76-4532-a388-49ce37b9613b_P8_hpo_c_output/resources/wml_model/pipeline_model.json"}],"location":{"path":"auto_ml/04ef2db8-b78f-4ea3-8da4-5d24f30a19c6/wml_data","notebooks_path":"auto_ml/04ef2db8-b78f-4ea3-8da4-5d24f30a19c6/wml_data/601df715-ec76-4532-a388-49ce37b9613b/notebooks","training":"auto_ml/04ef2db8-b78f-4ea3-8da4-5d24f30a19c6/wml_data/601df715-ec76-4532-a388-49ce37b9613b","training_status":"auto_ml/04ef2db8-b78f-4ea3-8da4-5d24f30a19c6/wml_data/601df715-ec76-4532-a388-49ce37b9613b/training-status.json","bucket":"agritrial-donotdelete-pr-sjtarmubloekda","type":"s3","assets_path":"auto_ml/04ef2db8-b78f-4ea3-8da4-5d24f30a19c6/wml_data/601df715-ec76-4532-a388-49ce37b9613b/assets"},"type":"s3"},"training_data_references":[{"connection":{"endpoint_url":"https://s3.eu.cloud-object-storage.appdomain.cloud","auth_endpoint":"https://iam.bluemix.net/oidc/token/","api_key":"8M-7TpsCXI-hOg8W8Y5ZSigt9xii2jPY3qvgRrxo9TTZ","secret_access_key":"1e84c13e94e955815ac48a1ad7f068032cb4fe26bd2e0aea","access_key_id":"99710a9b7cd44b8398b5539d3f84162c","service_instance_id":"iam-ServiceId-069e04eb-d65c-4cd5-8167-ca21bd09e2c0"},"location":{"bucket":"agritrial-donotdelete-pr-sjtarmubloekda","path":"Crop_recommendation.csv","type":"s3"},"schema":{"fields":[{"name":"N","type":"integer"},{"name":"P","type":"integer"},{"name":"K","type":"integer"},{"name":"temperature","type":"double"},{"name":"humidity","type":"double"},{"name":"ph","type":"double"},{"name":"rainfall","type":"double"},{"name":"Crop","type":"other"}],"id":"auto_ai_kb_input_schema"},"type":"s3"}],"software_spec":{"base_id":"8c1a58c6-62b5-4dc4-987a-df751c2756b6","name":"hybrid_0.1"},"content_import_state":"completed"}},"attachments":[{"id":"9a89b1b9-0057-4310-b2b8-725f95ca87f7","version":2,"asset_type":"wml_model","name":"P8_automl.zip","datasource_type":"193a97c1-4475-4a19-b90c-295c4fdc6517","creator_id":"IBMid-6610025KGR","create_time":1626194504380,"size":186046,"is_remote":false,"is_managed":true,"is_referenced":false,"is_object_key_read_only":false,"is_user_provided_path_key":false,"transfer_complete":true,"is_partitioned":false,"complete_time_ticks":1626194505550,"user_data":{"content_format":"pipeline-node","pipeline_node_id":"automl"},"test_doc":0,"handle":{"bucket":"agritrial-donotdelete-pr-sjtarmubloekda","location":"eu-geo","type":"bluemix_cos","key":"990f4e21-cf72-4cb7-bb5a-461565e1ce8f/15991035-83cc-401f-92ee-53a07b9cf1ec/9a89b1b9-0057-4310-b2b8-725f95ca87f7","upload_id":"done","max_part_num":1},"usage":{"access_count":0,"last_accessor_id":"IBMid-6610025KGR","last_access_time":1626194504380}},{"id":"36a01f17-ffc0-45aa-8b75-a4aa4e6381e3","version":2,"asset_type":"wml_model","name":"pipeline_model.json","datasource_type":"193a97c1-4475-4a19-b90c-295c4fdc6517","creator_id":"IBMid-6610025KGR","create_time":1626194506364,"size":1547,"is_remote":false,"is_managed":true,"is_referenced":false,"is_object_key_read_only":false,"is_user_provided_path_key":false,"transfer_complete":true,"is_partitioned":false,"complete_time_ticks":1626194507362,"user_data":{"content_format":"native"},"test_doc":0,"handle":{"bucket":"agritrial-donotdelete-pr-sjtarmubloekda","location":"eu-geo","type":"bluemix_cos","key":"990f4e21-cf72-4cb7-bb5a-461565e1ce8f/15991035-83cc-401f-92ee-53a07b9cf1ec/36a01f17-ffc0-45aa-8b75-a4aa4e6381e3","upload_id":"done","max_part_num":1},"usage":{"access_count":0,"last_accessor_id":"IBMid-6610025KGR","last_access_time":1626194506364}}]}
